[
  {
    "question_id": 0,
    "question_type": "multiple_select",
    "question_text": "Please check the hour blocks when you took 1 or more puffs today",
    "response_option": [
      "8:00 am - 9:00 am",
      "9:00 am - 10:00 am",
      "10:00 am - 11:00 am",
      "11:00 am - 12:00 pm",
      "12:00 pm - 1:00 pm",
      "1:00 pm - 2:00 pm",
      "2:00 pm - 3:00 pm",
      "3:00 pm - 4:00 pm",
      "4:00 pm - 5:00 pm",
      "5:00 pm - 6:00 pm",
      "6:00 pm - 7:00 pm",
      "7:00 pm - 8:00 pm",
      "<UNSELECT_OTHER>I did not smoke today"
    ]
  },
  {
    "question_id": 1,
    "question_type": "multiple_choice",
    "question_text": "Did you receive a stress-reduction suggestion on your watch today?",
    "response_option": [
      "Yes",
      "No"
    ]
  },
  {
    "question_id": 2,
    "question_type": "multiple_choice",
    "question_text": "Did you access any of the stress reduction apps on the phone?",
    "response_option": [
      "Yes",
      "No"
    ]
  },
  {
    "question_id": 3,
    "question_type": "multiple_choice",
    "question_text": "How useful did you find the stress reduction app?",
    "response_option": [
      "Not useful",
      "Somewhat useful",
      "Moderately useful",
      "Very useful",
      "Extremely useful"
    ],
    "condition": [
      "2:Yes"
    ]
  },
  {
    "question_id": 4,
    "question_type": "multiple_choice",
    "question_text": "Did you practice any stress reduction exercises today (with or without the app)?",
    "response_option": [
      "Not at all",
      "Occasionally",
      "Frequently"
    ]
  },
  {
    "question_id": 5,
    "question_text": "Thank you for answering this survey. Please click \"FINISH\"."
  }
]
